<?xml version="1.0" encoding="utf-8"?>
<!DOCTYPE hibernate-configuration PUBLIC
        "-//Hibernate/Hibernate Configuration DTD 3.0//EN"
        "http://hibernate.sourceforge.net/hibernate-configuration-3.0.dtd">
 
<hibernate-configuration>
    <session-factory>
        <property name="hibernate.connection.driver_class">org.postgresql.Driver</property>
        <property name="hibernate.connection.url">jdbc:postgresql://localhost/postgres</property>
        <property name="hibernate.connection.username">postgres</property>
        <property name="hibernate.connection.password">AZaz09$$</property>
        <property name="hibernate.dialect">org.hibernate.dialect.ProgressDialect</property>
      <!-- create, update, create-drop, validate -->
        <property name="hbm2ddl.auto">update</property>
        <property name="hibernate.default_schema">public</property>
        <property name="show_sql">true</property>
 
        <mapping resource="student.hbm.xml"/>
        <mapping resource="employee.hbm.xml"/>
    </session-factory>
</hibernate-configuration>